타이틀번호,요일,제목,링크
733766,mon,인생존망,https://shared-comic.pstatic.net/thumb/webtoon/733766/thumbnail/thumbnail_IMAG10_b187e34b-9f68-4fd0-9b65-863560682933.jpg
648419,mon,뷰티풀 군바리,https://shared-comic.pstatic.net/thumb/webtoon/648419/thumbnail/thumbnail_IMAG10_1421195d-13be-4cde-bcf9-0c78d51c5ea3.jpg
602910,mon,윈드브레이커,https://shared-comic.pstatic.net/thumb/webtoon/602910/thumbnail/thumbnail_IMAG10_8914c548-d69d-45d6-8008-bbc129e637c2.jpg
654774,mon,소녀의 세계,https://shared-comic.pstatic.net/thumb/webtoon/654774/thumbnail/thumbnail_IMAG10_c966c4af-f642-4531-b39b-74c284034d9e.jpg
749632,mon,파이게임,https://shared-comic.pstatic.net/thumb/webtoon/749632/thumbnail/thumbnail_IMAG10_8e2f81f2-e0c1-4e7a-8d34-ddfb10635ac5.jpg
733074,mon,백수세끼,https://shared-comic.pstatic.net/thumb/webtoon/733074/thumbnail/thumbnail_IMAG10_0741d1f6-2bae-474b-87ae-6f1a69988808.jpg
728750,mon,장씨세가 호위무사,https://shared-comic.pstatic.net/thumb/webtoon/728750/thumbnail/thumbnail_IMAG10_d991c7c7-8068-48ce-b03b-54d4df8c8197.jpg
739115,mon,앵무살수,https://shared-comic.pstatic.net/thumb/webtoon/739115/thumbnail/thumbnail_IMAG10_a206c88b-0b8c-461d-b9e0-76ae8f6ee8ff.jpg
709731,mon,유일무이 로맨스,https://shared-comic.pstatic.net/thumb/webtoon/709731/thumbnail/thumbnail_IMAG10_b26742fe-0090-40db-a52f-9d6c97f3ada5.jpg
730174,mon,칼가는 소녀,https://shared-comic.pstatic.net/thumb/webtoon/730174/thumbnail/thumbnail_IMAG10_df034319-e76a-42d5-a3dd-5412c67f29d4.jpg
743025,mon,야자괴담,https://shared-comic.pstatic.net/thumb/webtoon/743025/thumbnail/thumbnail_IMAG10_b8791c99-9859-41b4-accb-d96d3a4a7d73.jpg
716857,mon,오늘의 순정망화,https://shared-comic.pstatic.net/thumb/webtoon/716857/thumbnail/thumbnail_IMAG10_fb5f2776-982c-4891-b844-e617a907d5c9.jpg
752414,mon,리턴 투 플레이어,https://shared-comic.pstatic.net/thumb/webtoon/752414/thumbnail/thumbnail_IMAG10_053f464b-c360-4a45-bd4c-646ffe927e94.jpg
753858,mon,싸이코 리벤지,https://shared-comic.pstatic.net/thumb/webtoon/753858/thumbnail/thumbnail_IMAG10_fe304455-8376-49fd-852d-27ea36b7ac6e.jpg
753378,mon,열렙전차,https://shared-comic.pstatic.net/thumb/webtoon/753378/thumbnail/thumbnail_IMAG10_5daf485f-19a5-4b95-9712-06f574dd863d.jpg
597478,mon,평범한 8반,https://shared-comic.pstatic.net/thumb/webtoon/597478/thumbnail/thumbnail_IMAG10_59aed985-d997-4462-86e8-1b179e653798.jpg
714185,mon,링크보이,https://shared-comic.pstatic.net/thumb/webtoon/714185/thumbnail/thumbnail_IMAG10_b09f7c2d-7083-467b-95bc-4dace9c21b6f.jpg
21815,mon,히어로메이커,https://shared-comic.pstatic.net/thumb/webtoon/21815/thumbnail/thumbnail_title_21815_83x90.gif
747273,mon,침범,https://shared-comic.pstatic.net/thumb/webtoon/747273/thumbnail/thumbnail_IMAG10_ea1ab128-8c3f-489d-aecd-c8ce02eac15b.jpg
738809,mon,아는 여자애,https://shared-comic.pstatic.net/thumb/webtoon/738809/thumbnail/thumbnail_IMAG10_4e0cf3c8-94e2-48e9-bb41-278cee9395d4.jpg
727826,mon,교환일기,https://shared-comic.pstatic.net/thumb/webtoon/727826/thumbnail/thumbnail_IMAG10_aea0b8ed-0675-437a-8bf6-04001ad77f99.jpg
743031,mon,사장님을 잠금해제,https://shared-comic.pstatic.net/thumb/webtoon/743031/thumbnail/thumbnail_IMAG10_8048d902-d06d-44ab-a265-77ef65617f56.jpg
713975,mon,데드라이프,https://shared-comic.pstatic.net/thumb/webtoon/713975/thumbnail/thumbnail_IMAG10_fab71ee2-5371-45a9-b3c9-31c6055a6953.jpg
726212,mon,삶이 우리를 속일지라도,https://shared-comic.pstatic.net/thumb/webtoon/726212/thumbnail/thumbnail_IMAG10_fe4eeb55-40c9-4c8d-be22-221235220401.jpg
730465,mon,지옥,https://shared-comic.pstatic.net/thumb/webtoon/730465/thumbnail/thumbnail_IMAG10_9e20f543-98aa-4b6c-a36a-76f1626cdb66.jpg
700858,mon,닥터 하운드,https://shared-comic.pstatic.net/thumb/webtoon/700858/thumbnail/thumbnail_IMAG10_e8994ad1-3f8a-4003-a1e5-3f48087cebad.jpg
721949,mon,일진이 사나워,https://shared-comic.pstatic.net/thumb/webtoon/721949/thumbnail/thumbnail_IMAG10_7f13bf37-cf66-4cfb-922c-8399016459d7.jpg
741891,mon,결혼생활 그림일기,https://shared-comic.pstatic.net/thumb/webtoon/741891/thumbnail/thumbnail_IMAG10_82d3cfa4-988c-4cbb-8158-17c1b522b59d.png
698888,mon,이것도 친구라고,https://shared-comic.pstatic.net/thumb/webtoon/698888/thumbnail/thumbnail_IMAG10_01c9cfbb-40ca-4fca-ae34-9aa9ef5638fd.jpg
745474,mon,서브 콤플렉스,https://shared-comic.pstatic.net/thumb/webtoon/745474/thumbnail/thumbnail_IMAG10_e05c72d3-6490-4710-baf9-378c442b26e9.jpg
752530,mon,원하는 건 너 하나,https://shared-comic.pstatic.net/thumb/webtoon/752530/thumbnail/thumbnail_IMAG10_5482b0b9-e708-4047-885a-9c015a6faa3d.jpg
727838,mon,위대한 방옥숙,https://shared-comic.pstatic.net/thumb/webtoon/727838/thumbnail/thumbnail_IMAG10_eafeebfe-214e-4046-9962-53e66e272ea5.jpg
687915,mon,꿈의 기업,https://shared-comic.pstatic.net/thumb/webtoon/687915/thumbnail/thumbnail_IMAG10_e03acc4a-a1ce-4ebc-a021-e3cc07af5f20.jpg
742889,mon,노력의 결과,https://shared-comic.pstatic.net/thumb/webtoon/742889/thumbnail/thumbnail_IMAG10_64fe4fd8-c19c-48a7-a4d0-b816637824e0.jpg
744320,mon,와이키키 뱀파이어,https://shared-comic.pstatic.net/thumb/webtoon/744320/thumbnail/thumbnail_IMAG10_b7dafa00-5ee6-4510-a8ca-852d9b33d143.jpg
728007,mon,도플갱어의 게임,https://shared-comic.pstatic.net/thumb/webtoon/728007/thumbnail/thumbnail_IMAG10_7b76bee2-0640-4717-a88d-b9db1b14925c.jpg
706590,mon,피플,https://shared-comic.pstatic.net/thumb/webtoon/706590/thumbnail/thumbnail_IMAG10_a5797ba5-ae4b-417f-ad02-6457cd9866ec.jpg
733078,mon,정보전사 202,https://shared-comic.pstatic.net/thumb/webtoon/733078/thumbnail/thumbnail_IMAG10_2bef81ae-5a7e-4973-b2df-ddd498fc9dac.jpg
746786,mon,두근두근 네가 좋아서,https://shared-comic.pstatic.net/thumb/webtoon/746786/thumbnail/thumbnail_IMAG10_446e5d59-96f0-4d0b-9b41-cc9561b68293.jpg
734399,mon,여기 악마가 있어,https://shared-comic.pstatic.net/thumb/webtoon/734399/thumbnail/thumbnail_IMAG10_1672f606-a7c5-47b4-b8f2-3b5bfa5e1943.jpg
738488,mon,지구멸망버튼,https://shared-comic.pstatic.net/thumb/webtoon/738488/thumbnail/thumbnail_IMAG10_3dc0bac8-87e4-430a-91b9-cf39cdf89a5c.jpg
730391,mon,하슬라,https://shared-comic.pstatic.net/thumb/webtoon/730391/thumbnail/thumbnail_IMAG10_9dc0f9c2-f41d-4b2f-86e8-caa485246980.jpg
721455,mon,뱀파이어의 꽃,https://shared-comic.pstatic.net/thumb/webtoon/721455/thumbnail/thumbnail_IMAG10_a04f7c27-a01b-4607-9566-bf89d04d2e50.jpg
750493,mon,드로잉 레시피,https://shared-comic.pstatic.net/thumb/webtoon/750493/thumbnail/thumbnail_IMAG10_171a5039-1ee8-476e-b321-0681525c51fd.jpg
737020,mon,물레,https://shared-comic.pstatic.net/thumb/webtoon/737020/thumbnail/thumbnail_IMAG10_8a690840-7ddc-47a5-b2d1-904532f0bb73.jpg
745654,mon,백호랑,https://shared-comic.pstatic.net/thumb/webtoon/745654/thumbnail/thumbnail_IMAG10_ab287f56-e797-46fc-9152-50a11e87687d.jpg
740132,mon,중독연구소,https://shared-comic.pstatic.net/thumb/webtoon/740132/thumbnail/thumbnail_IMAG10_e7b510e2-dfaf-4606-a07a-596c5472a359.jpg
734918,mon,모락모락 왕세자님,https://shared-comic.pstatic.net/thumb/webtoon/734918/thumbnail/thumbnail_IMAG10_51e39eb5-b969-420b-af95-3befa05e4be4.jpg
733770,mon,인간의 온도,https://shared-comic.pstatic.net/thumb/webtoon/733770/thumbnail/thumbnail_IMAG10_796c4f6a-7f10-4c32-8746-872282936244.jpg
737378,mon,블루투스,https://shared-comic.pstatic.net/thumb/webtoon/737378/thumbnail/thumbnail_IMAG10_6f25b6d1-d85f-4e39-be10-592a084e0a34.jpg
744375,mon,결백한 사람은 없다,https://shared-comic.pstatic.net/thumb/webtoon/744375/thumbnail/thumbnail_IMAG10_dfb445f1-ac91-4dc7-934a-594188fffd83.jpg
703846,tue,여신강림,https://shared-comic.pstatic.net/thumb/webtoon/703846/thumbnail/thumbnail_IMAG10_35503130-16ce-4236-b913-0fe76226de36.jpg
752803,tue,관계의 종말,https://shared-comic.pstatic.net/thumb/webtoon/752803/thumbnail/thumbnail_IMAG10_4af72cf0-4497-471a-a68e-8b2053a23df7.jpg
752072,tue,후기,https://shared-comic.pstatic.net/thumb/webtoon/752072/thumbnail/thumbnail_IMAG10_caa13ccd-bfc4-43b1-b125-4c6c053ed334.jpg
743139,tue,한림체육관,https://shared-comic.pstatic.net/thumb/webtoon/743139/thumbnail/thumbnail_IMAG10_df1a8c2f-63c4-44e1-b1f5-907c41c13243.jpg
703852,tue,바른연애 길잡이,https://shared-comic.pstatic.net/thumb/webtoon/703852/thumbnail/thumbnail_IMAG10_7a7e52e5-f211-485d-a5ba-4f6f3f8acdc6.jpg
702608,tue,랜덤채팅의 그녀!,https://shared-comic.pstatic.net/thumb/webtoon/702608/thumbnail/thumbnail_IMAG10_85425026-fd1c-4a8a-8d58-e257bbf892c0.jpg
738487,tue,하루만 네가 되고 싶어,https://shared-comic.pstatic.net/thumb/webtoon/738487/thumbnail/thumbnail_IMAG10_b3fa8d57-3ef9-4aa6-ae5d-1d4d8294b075.jpg
730656,tue,사신소년,https://shared-comic.pstatic.net/thumb/webtoon/730656/thumbnail/thumbnail_IMAG10_b324ec4f-f869-4b55-b2fb-63306bef3a41.jpg
683496,tue,신도림,https://shared-comic.pstatic.net/thumb/webtoon/683496/thumbnail/thumbnail_IMAG10_69a59ea4-ece8-4454-beea-a730adae236f.jpg
719508,tue,헬58,https://shared-comic.pstatic.net/thumb/webtoon/719508/thumbnail/thumbnail_IMAG10_7588cd34-ae5d-4b49-aeb7-21404d7503ef.jpg
738174,tue,중증외상센터  골든 아워,https://shared-comic.pstatic.net/thumb/webtoon/738174/thumbnail/thumbnail_IMAG10_8087458b-54db-4a79-a332-891abbf266f5.jpg
711422,tue,삼국지톡,https://shared-comic.pstatic.net/thumb/webtoon/711422/thumbnail/thumbnail_IMAG10_4873773c-d8f0-430e-85d2-995f395b571f.jpg
752534,tue,2020 호랑 공포 단편선,https://shared-comic.pstatic.net/thumb/webtoon/752534/thumbnail/thumbnail_IMAG10_d289b254-f3f4-4b50-a942-602a59071468.jpg
698918,tue,원주민 공포만화,https://shared-comic.pstatic.net/thumb/webtoon/698918/thumbnail/thumbnail_IMAG10_1ffbcabb-b5fd-41d8-9500-faaee1d3cbb4.jpg
716857,tue,오늘의 순정망화,https://shared-comic.pstatic.net/thumb/webtoon/716857/thumbnail/thumbnail_IMAG10_fb5f2776-982c-4891-b844-e617a907d5c9.jpg
721433,tue,집이 없어,https://shared-comic.pstatic.net/thumb/webtoon/721433/thumbnail/thumbnail_IMAG10_e9488dab-e61d-4219-93d2-75737f6be3de.jpg
740034,tue,견우와 선녀,https://shared-comic.pstatic.net/thumb/webtoon/740034/thumbnail/thumbnail_IMAG10_441329f7-c6b4-48ff-bbc6-025e0d303865.jpg
677452,tue,체크포인트,https://shared-comic.pstatic.net/thumb/webtoon/677452/thumbnail/thumbnail_IMAG10_0b65a45a-71a9-4f59-9942-ec1f726d4eee.jpg
752531,tue,완벽한 가족,https://shared-comic.pstatic.net/thumb/webtoon/752531/thumbnail/thumbnail_IMAG10_c96f3a6c-d4ae-4580-8577-6708284d44cb.jpg
616239,tue,윌유메리미,https://shared-comic.pstatic.net/thumb/webtoon/616239/thumbnail/title_thumbnail_20161031214436_t83x90.jpg
741449,tue,용왕님의 셰프가 되었습니다,https://shared-comic.pstatic.net/thumb/webtoon/741449/thumbnail/thumbnail_IMAG10_6aa5dfc6-5283-408a-8744-e62fbc52a12c.jpg
753856,tue,달콤살벌한 부부,https://shared-comic.pstatic.net/thumb/webtoon/753856/thumbnail/thumbnail_IMAG10_61cd690d-7c5f-449f-8384-f7642c368a04.jpg
715206,tue,ㅋㄷㅋㄷ만화,https://shared-comic.pstatic.net/thumb/webtoon/715206/thumbnail/thumbnail_IMAG10_1f80aad2-2d3d-4b70-bbc7-6a00ce8b3207.jpg
642653,tue,사이드킥 2~3,https://shared-comic.pstatic.net/thumb/webtoon/642653/thumbnail/thumbnail_IMAG10_7a019732-5db6-4c88-85fb-a65e69748797.jpg
710750,tue,악마와 계약연애,https://shared-comic.pstatic.net/thumb/webtoon/710750/thumbnail/thumbnail_IMAG10_17f35b20-c52e-44db-8378-63d5d7a37955.jpg
602287,tue,신의 언어,https://shared-comic.pstatic.net/thumb/webtoon/602287/thumbnail/thumbnail_IMAG10_0d2c4d55-acbd-46e8-9a19-b8c04d514fe3.jpg
725831,tue,땅 보고 걷는 아이,https://shared-comic.pstatic.net/thumb/webtoon/725831/thumbnail/thumbnail_IMAG10_3017dea9-5240-477c-9550-46b8766f2966.jpg
726214,tue,정년이,https://shared-comic.pstatic.net/thumb/webtoon/726214/thumbnail/thumbnail_IMAG10_bce6406a-90c6-45f3-8232-24882ec534d1.jpg
676695,tue,제로게임,https://shared-comic.pstatic.net/thumb/webtoon/676695/thumbnail/thumbnail_IMAG10_bf2d8488-97a2-45b7-97b0-44cdaf9263b1.jpg
733080,tue,그놈은 흑염룡,https://shared-comic.pstatic.net/thumb/webtoon/733080/thumbnail/thumbnail_IMAG10_989e4c91-a2eb-4369-a058-bce2f1ecbdea.jpg
753853,tue,"플레이, 플리",https://shared-comic.pstatic.net/thumb/webtoon/753853/thumbnail/thumbnail_IMAG10_8aef76f7-b410-4b23-a883-6b99dff3580f.jpg
654138,tue,은주의 방 2~3부,https://shared-comic.pstatic.net/thumb/webtoon/654138/thumbnail/thumbnail_IMAG10_6703cec5-78ee-4a87-9362-e46b6763b432.jpg
744381,tue,오파츠,https://shared-comic.pstatic.net/thumb/webtoon/744381/thumbnail/thumbnail_IMAG10_cf7bf35e-2622-4dbe-b20a-17bf380fc2c1.jpg
748352,tue,한강예찬,https://shared-comic.pstatic.net/thumb/webtoon/748352/thumbnail/thumbnail_IMAG10_5f530f8f-aa4e-4ad7-9401-4e08ef2bb1c1.jpg
732988,tue,올가미,https://shared-comic.pstatic.net/thumb/webtoon/732988/thumbnail/thumbnail_IMAG10_55564e72-ede9-4a04-b8d2-600d30d9712c.JPG
738145,tue,숲속의 담,https://shared-comic.pstatic.net/thumb/webtoon/738145/thumbnail/thumbnail_IMAG10_7c33c185-5110-4c83-9f42-ad2a6951c359.jpg
703850,tue,자판귀,https://shared-comic.pstatic.net/thumb/webtoon/703850/thumbnail/thumbnail_IMAG10_d093ab2d-a006-457b-92b5-1da097bc3af1.jpg
746535,tue,언메이크,https://shared-comic.pstatic.net/thumb/webtoon/746535/thumbnail/thumbnail_IMAG10_f33090f6-0870-481e-ba32-f1a794714115.jpg
733458,tue,3cm 헌터,https://shared-comic.pstatic.net/thumb/webtoon/733458/thumbnail/thumbnail_IMAG10_28672aca-7303-4e2a-8ad3-b14f6c449455.jpg
626906,tue,패밀리 사이즈,https://shared-comic.pstatic.net/thumb/webtoon/626906/thumbnail/title_thumbnail_20150810235651_t83x90.jpg
738144,tue,별종,https://shared-comic.pstatic.net/thumb/webtoon/738144/thumbnail/thumbnail_IMAG10_8b6de2cc-49c4-456c-a786-9dd895f20253.jpg
747666,tue,도를 아십니까,https://shared-comic.pstatic.net/thumb/webtoon/747666/thumbnail/thumbnail_IMAG10_2a38d3f2-d060-4ce8-91b9-cfacd84bd04a.jpg
731019,tue,그날 죽은 나는,https://shared-comic.pstatic.net/thumb/webtoon/731019/thumbnail/thumbnail_IMAG10_7d99a1a1-28ee-466c-a51d-cd293118b47b.jpg
733006,tue,너에게만 보이는,https://shared-comic.pstatic.net/thumb/webtoon/733006/thumbnail/thumbnail_IMAG10_7e67fce0-1dbb-432f-af0a-dd4645221e46.jpg
733765,tue,저세상 클라스!,https://shared-comic.pstatic.net/thumb/webtoon/733765/thumbnail/thumbnail_IMAG10_211e16c4-82fc-4669-87a5-0b34f8a1b276.jpg
745207,tue,필살VS로맨스,https://shared-comic.pstatic.net/thumb/webtoon/745207/thumbnail/thumbnail_IMAG10_58f3f1ae-3344-4cfd-9bdb-2cf919094a9b.jpg
737019,tue,조선홍보대행사 조대박,https://shared-comic.pstatic.net/thumb/webtoon/737019/thumbnail/thumbnail_IMAG10_1131af64-54ce-4d37-8380-bb82168626ac.jpg
738483,tue,안식의 밤,https://shared-comic.pstatic.net/thumb/webtoon/738483/thumbnail/thumbnail_IMAG10_b243227c-6502-4c39-b9aa-09fde861850c.jpg
739114,tue,아이고 아이고,https://shared-comic.pstatic.net/thumb/webtoon/739114/thumbnail/thumbnail_IMAG10_4d936327-6b73-4887-a2f7-0717e17c80fd.jpg
748045,tue,빛빛빛,https://shared-comic.pstatic.net/thumb/webtoon/748045/thumbnail/thumbnail_IMAG10_75b3ad32-05cc-4072-bd94-91c3828c2b39.jpg
735247,tue,장단에 맞춰줘!,https://shared-comic.pstatic.net/thumb/webtoon/735247/thumbnail/thumbnail_IMAG10_d5424526-3481-40a7-8cac-ac06765ef20d.jpg
400739,tue,에이머,https://shared-comic.pstatic.net/thumb/webtoon/400739/thumbnail/thumbnail_IMAG10_9b32956f-0e80-4d26-afd3-836796eaad25.jpg
753839,tue,빅맨,https://shared-comic.pstatic.net/thumb/webtoon/753839/thumbnail/thumbnail_IMAG10_d03af743-513a-4abe-af8a-28a1e623facb.jpg
752532,tue,연우의 순정,https://shared-comic.pstatic.net/thumb/webtoon/752532/thumbnail/thumbnail_IMAG10_aa24b0fb-3440-4937-a5c9-6df46d3767b9.jpg
670143,wed,헬퍼 2  킬베로스,https://shared-comic.pstatic.net/thumb/webtoon/670143/thumbnail/thumbnail_IMAG10_20190617_migrated.jpg
662774,wed,고수,https://shared-comic.pstatic.net/thumb/webtoon/662774/thumbnail/thumbnail_IMAG10_fddc4c8b-fbe6-422c-9777-590d98f4dc9e.jpg
626907,wed,복학왕,https://shared-comic.pstatic.net/thumb/webtoon/626907/thumbnail/title_thumbnail_20150407141027_t83x90.jpg
747269,wed,전지적 독자 시점,https://shared-comic.pstatic.net/thumb/webtoon/747269/thumbnail/thumbnail_IMAG10_55801c29-223f-46a0-a446-2e55d3024e71.jpg
751013,wed,2020 최애캐의 MBTI,https://shared-comic.pstatic.net/thumb/webtoon/751013/thumbnail/thumbnail_IMAG10_088fbe2f-79d5-4d62-b333-45ac4bfffc3c.jpg
728015,wed,모죠의 일지,https://shared-comic.pstatic.net/thumb/webtoon/728015/thumbnail/thumbnail_IMAG10_f31cda1b-72fa-409e-b1ab-9c4a4e212696.jpg
750558,wed,로어 올림푸스,https://shared-comic.pstatic.net/thumb/webtoon/750558/thumbnail/thumbnail_IMAG10_b958aaec-eff0-4cd7-b11b-3ad6237408e7.jpg
738694,wed,튜토리얼 탑의 고인물,https://shared-comic.pstatic.net/thumb/webtoon/738694/thumbnail/thumbnail_IMAG10_728d40b3-1224-4e00-b7a8-d16d9adbe137.jpg
701535,wed,격기3반,https://shared-comic.pstatic.net/thumb/webtoon/701535/thumbnail/thumbnail_IMAG10_48867315-58f2-44fb-913c-25cfe2cd307d.jpg
738143,wed,여주실격!,https://shared-comic.pstatic.net/thumb/webtoon/738143/thumbnail/thumbnail_IMAG10_c5ff7b29-6c8c-4939-8a03-2298523bcaf9.jpg
749639,wed,남주의 첫날밤을 가져버렸다,https://shared-comic.pstatic.net/thumb/webtoon/749639/thumbnail/thumbnail_IMAG10_51043632-6c82-4e51-ab7a-5945724f0df8.jpg
728126,wed,고삼무쌍,https://shared-comic.pstatic.net/thumb/webtoon/728126/thumbnail/thumbnail_IMAG10_0ee45437-dc90-4fe4-8305-dc962f74b861.jpg
750826,wed,빌드업,https://shared-comic.pstatic.net/thumb/webtoon/750826/thumbnail/thumbnail_IMAG10_ffc8691b-a61c-42e5-9bce-51aac85e447c.jpg
717481,wed,일렉시드,https://shared-comic.pstatic.net/thumb/webtoon/717481/thumbnail/thumbnail_IMAG10_abd208ef-46dd-42ef-942e-df70b9e27386.jpg
736744,wed,캐슬,https://shared-comic.pstatic.net/thumb/webtoon/736744/thumbnail/thumbnail_IMAG10_52c79b5c-7d5e-48ff-a377-ee247b3134bd.jpg
730425,wed,판타지 여동생!,https://shared-comic.pstatic.net/thumb/webtoon/730425/thumbnail/thumbnail_IMAG10_1021f165-b14c-480b-bf82-3e9d622472ea.jpg
750184,wed,나쁜사람,https://shared-comic.pstatic.net/thumb/webtoon/750184/thumbnail/thumbnail_IMAG10_0dd3526a-837d-4278-b779-17277b552cec.jpg
732955,wed,닥터앤닥터 육아일기,https://shared-comic.pstatic.net/thumb/webtoon/732955/thumbnail/thumbnail_IMAG10_404a37ed-7552-41bb-8138-3ea97cc7bb03.jpg
751989,wed,몰랐지만 괜찮아,https://shared-comic.pstatic.net/thumb/webtoon/751989/thumbnail/thumbnail_IMAG10_afecbf7e-4bf8-43a3-8f12-4ab57eb66d6b.jpg
718020,wed,귀곡의 문,https://shared-comic.pstatic.net/thumb/webtoon/718020/thumbnail/thumbnail_IMAG10_7c551d69-62f1-4869-b365-88f38a70553f.jpg
749055,wed,각자의 디데이,https://shared-comic.pstatic.net/thumb/webtoon/749055/thumbnail/thumbnail_IMAG10_0044b373-58c8-4a94-b764-cfdde8b59d79.jpg
710760,wed,이츠마인,https://shared-comic.pstatic.net/thumb/webtoon/710760/thumbnail/thumbnail_IMAG10_0f9651ee-18f9-4fbb-bdf7-cded844fcb6d.jpg
731297,wed,갓물주,https://shared-comic.pstatic.net/thumb/webtoon/731297/thumbnail/thumbnail_IMAG10_df561e4d-07f3-4a43-8098-2449b5f35918.jpg
752533,wed,새벽 두 시의 신데렐라,https://shared-comic.pstatic.net/thumb/webtoon/752533/thumbnail/thumbnail_IMAG10_99af5f62-fb17-40ed-bac0-b6c0ec496a2b.jpg
603159,wed,레사 시즌2~3,https://shared-comic.pstatic.net/thumb/webtoon/603159/thumbnail/thumbnail_IMAG10_e47a774d-8148-48b1-b7f6-2d1d7cd19d43.jpg
667573,wed,연놈,https://shared-comic.pstatic.net/thumb/webtoon/667573/thumbnail/title_thumbnail_20151120112903_t83x90.jpg
671421,wed,언덕 위의 제임스,https://shared-comic.pstatic.net/thumb/webtoon/671421/thumbnail/thumbnail_IMAG10_51c242df-2c42-46e6-91d6-bbba062b3f21.jpg
731978,wed,정순애 식당,https://shared-comic.pstatic.net/thumb/webtoon/731978/thumbnail/thumbnail_IMAG10_b733dcf0-52e4-4378-bb88-21a3c5efa043.jpg
747637,wed,더 트웰브,https://shared-comic.pstatic.net/thumb/webtoon/747637/thumbnail/thumbnail_IMAG10_90b0c422-2623-4763-a458-fc490877b44d.jpg
725829,wed,아도나이,https://shared-comic.pstatic.net/thumb/webtoon/725829/thumbnail/thumbnail_IMAG10_b7460a77-7be4-46c4-b3da-36655b868736.jpg
742105,wed,미래의 골동품 가게,https://shared-comic.pstatic.net/thumb/webtoon/742105/thumbnail/thumbnail_IMAG10_1c174d09-90a4-4248-8dc1-d746892b62f3.jpg
745589,wed,범이올시다!,https://shared-comic.pstatic.net/thumb/webtoon/745589/thumbnail/thumbnail_IMAG10_9eed1b93-3d3b-4dd3-83a5-d5c3ca2aff39.jpg
733034,wed,방탈출,https://shared-comic.pstatic.net/thumb/webtoon/733034/thumbnail/thumbnail_IMAG10_534e165f-93ab-48fd-af05-23ff516ee7a4.jpg
748535,wed,마른 가지에 바람처럼,https://shared-comic.pstatic.net/thumb/webtoon/748535/thumbnail/thumbnail_IMAG10_611d136c-09d6-4607-9201-a8dbd1efad40.jpg
736281,wed,럭키언럭키,https://shared-comic.pstatic.net/thumb/webtoon/736281/thumbnail/thumbnail_IMAG10_bec0b143-8251-4459-a463-37d47786a123.jpg
735979,wed,얼굴천재,https://shared-comic.pstatic.net/thumb/webtoon/735979/thumbnail/thumbnail_IMAG10_8ce9ea49-a1b7-43d1-af7b-1a9f11c9bd90.jpg
733079,wed,원수를 사랑하라,https://shared-comic.pstatic.net/thumb/webtoon/733079/thumbnail/thumbnail_IMAG10_93f97f3e-60a7-4d96-8c8d-5303071202e0.jpg
751625,wed,수상한 비밀상담부,https://shared-comic.pstatic.net/thumb/webtoon/751625/thumbnail/thumbnail_IMAG10_3466277a-22d5-4971-a87d-27c2ce442229.jpg
602916,wed,칼부림,https://shared-comic.pstatic.net/thumb/webtoon/602916/thumbnail/thumbnail_IMAG10_243624c9-67a6-442d-bf1f-d1cade18a8ef.jpg
741150,wed,당신의 향수,https://shared-comic.pstatic.net/thumb/webtoon/741150/thumbnail/thumbnail_IMAG10_76ed0838-0617-4f9e-8d95-184e7326a5e2.jpg
731939,wed,나의 우주,https://shared-comic.pstatic.net/thumb/webtoon/731939/thumbnail/thumbnail_IMAG10_a3d0d491-aa09-49d2-a852-681a889b742a.jpg
751642,wed,스캔들,https://shared-comic.pstatic.net/thumb/webtoon/751642/thumbnail/thumbnail_IMAG10_64016aa3-d684-4d4d-926f-84b372bb92fd.jpg
737836,wed,오버더문,https://shared-comic.pstatic.net/thumb/webtoon/737836/thumbnail/thumbnail_IMAG10_46052d6c-517d-4231-96a4-f2d83a71c436.jpg
727268,wed,커넥트,https://shared-comic.pstatic.net/thumb/webtoon/727268/thumbnail/thumbnail_IMAG10_f1008bab-b11a-42cf-89fc-98eeb5b16661.jpg
747961,wed,인터셉트,https://shared-comic.pstatic.net/thumb/webtoon/747961/thumbnail/thumbnail_IMAG10_c3999784-9f8d-46ec-b25e-842bf203d447.jpg
740481,wed,천도,https://shared-comic.pstatic.net/thumb/webtoon/740481/thumbnail/thumbnail_IMAG10_c0e7a7c6-d2cf-448f-9a2b-db148647d61f.jpg
739113,wed,기억흔적,https://shared-comic.pstatic.net/thumb/webtoon/739113/thumbnail/thumbnail_IMAG10_f79166a2-4b37-417f-be82-c682f5a3a298.jpg
743026,wed,비스타,https://shared-comic.pstatic.net/thumb/webtoon/743026/thumbnail/thumbnail_IMAG10_71d21ddb-9554-459d-9081-ac4da0ad6d4e.jpg
737009,wed,FM보이,https://shared-comic.pstatic.net/thumb/webtoon/737009/thumbnail/thumbnail_IMAG10_1bc26a1e-7ba4-4cb4-b42f-85bdc22fd54a.jpg
745473,wed,노선도,https://shared-comic.pstatic.net/thumb/webtoon/745473/thumbnail/thumbnail_IMAG10_d647a7b4-8594-4327-af6e-9ecd9ce57aeb.jpg
745236,wed,스몰,https://shared-comic.pstatic.net/thumb/webtoon/745236/thumbnail/thumbnail_IMAG10_003bc1bf-1966-454d-880b-a869495196cc.jpg
316909,wed,그 판타지 세계에서 사는 법,https://shared-comic.pstatic.net/thumb/webtoon/316909/thumbnail/thumbnail_IMAG10_da706b81-7dc2-456f-a047-0a67c0c48ab7.jpg
736699,wed,저승사자 출입금지,https://shared-comic.pstatic.net/thumb/webtoon/736699/thumbnail/thumbnail_IMAG10_948c361c-8571-4c45-9562-e2181f1c5bef.jpg
748105,thu,독립일기,https://shared-comic.pstatic.net/thumb/webtoon/748105/thumbnail/thumbnail_IMAG10_becd3e24-cc09-4243-a1c9-646270f4a8db.jpg
557672,thu,기기괴괴,https://shared-comic.pstatic.net/thumb/webtoon/557672/thumbnail/thumbnail_IMAG10_d05c81ab-ea19-473b-818f-3aceb657ae1e.jpg
570503,thu,연애혁명,https://shared-comic.pstatic.net/thumb/webtoon/570503/thumbnail/thumbnail_IMAG10_023d23be-91f9-46c5-a1ff-152d6238e892.jpg
736989,thu,더 복서,https://shared-comic.pstatic.net/thumb/webtoon/736989/thumbnail/thumbnail_IMAG10_dc639e95-a787-49bd-9bb6-b835909a764d.jpg
731130,thu,이두나!,https://shared-comic.pstatic.net/thumb/webtoon/731130/thumbnail/thumbnail_IMAG10_0f5fa6cc-3d7c-4e20-a42d-60b32de309e5.jpg
747271,thu,나노마신,https://shared-comic.pstatic.net/thumb/webtoon/747271/thumbnail/thumbnail_IMAG10_107ce0d9-e0a3-4846-b7e1-8597fa4e980a.jpg
699415,thu,간 떨어지는 동거,https://shared-comic.pstatic.net/thumb/webtoon/699415/thumbnail/thumbnail_IMAG10_64dbd565-a463-4cb8-b4bb-131bd082cc44.jpg
739503,thu,화이트 블러드,https://shared-comic.pstatic.net/thumb/webtoon/739503/thumbnail/thumbnail_IMAG10_33bcc543-6c50-4ca3-b8eb-d6e6d5bcc07d.jpg
670144,thu,가담항설,https://shared-comic.pstatic.net/thumb/webtoon/670144/thumbnail/title_thumbnail_20151230192753_t83x90.jpg
710761,thu,하드캐리,https://shared-comic.pstatic.net/thumb/webtoon/710761/thumbnail/thumbnail_IMAG10_9f8253a1-2318-4c0d-8d9e-f044f2203d4c.jpg
753726,thu,경기딸,https://shared-comic.pstatic.net/thumb/webtoon/753726/thumbnail/thumbnail_IMAG10_3bebed7e-8772-42da-8669-dc2905bd01e0.jpg
727798,thu,겟백,https://shared-comic.pstatic.net/thumb/webtoon/727798/thumbnail/thumbnail_IMAG10_77a817e9-fbaf-4507-9e19-414b7ee58c30.jpg
637931,thu,전자오락수호대,https://shared-comic.pstatic.net/thumb/webtoon/637931/thumbnail/thumbnail_IMAG10_f3fcdcff-76fe-43d8-ba90-1e38b5306879.jpg
741825,thu,꽃만 키우는데 너무강함,https://shared-comic.pstatic.net/thumb/webtoon/741825/thumbnail/thumbnail_IMAG10_2cb48835-dbbb-429c-b391-91a57775717e.jpg
716857,thu,오늘의 순정망화,https://shared-comic.pstatic.net/thumb/webtoon/716857/thumbnail/thumbnail_IMAG10_fb5f2776-982c-4891-b844-e617a907d5c9.jpg
729040,thu,가타부타타,https://shared-comic.pstatic.net/thumb/webtoon/729040/thumbnail/thumbnail_IMAG10_41b89b63-be1c-4b44-80a8-4e5a256804df.jpg
753222,thu,시월드 판타지,https://shared-comic.pstatic.net/thumb/webtoon/753222/thumbnail/thumbnail_IMAG10_c81cfc5e-6a3c-4dc1-9975-42fc87cbff82.jpg
746857,thu,무사만리행,https://shared-comic.pstatic.net/thumb/webtoon/746857/thumbnail/thumbnail_IMAG10_0e5a96ba-ee85-4de9-9996-b59852281617.jpg
701700,thu,트롤트랩,https://shared-comic.pstatic.net/thumb/webtoon/701700/thumbnail/thumbnail_IMAG10_91d1c77b-9ad9-43ce-8299-ed986700c65a.jpg
728619,thu,병의 기록,https://shared-comic.pstatic.net/thumb/webtoon/728619/thumbnail/thumbnail_IMAG10_fc7ad34d-1662-4e2f-89d0-dd12a8a6fd02.jpg
748069,thu,선의의 경쟁,https://shared-comic.pstatic.net/thumb/webtoon/748069/thumbnail/thumbnail_IMAG10_380a50c3-28a5-46f4-8f20-0f2269e16650.jpg
738194,thu,당신의 과녁,https://shared-comic.pstatic.net/thumb/webtoon/738194/thumbnail/thumbnail_IMAG10_1c31f225-1f88-40f3-925e-928776169bf5.jpg
131385,thu,쿠베라,https://shared-comic.pstatic.net/thumb/webtoon/131385/thumbnail/thumbnail_IMAG10_c5053bcc-3b95-473d-bfe1-e4256bf56b58.jpg
570506,thu,최강전설 강해효,https://shared-comic.pstatic.net/thumb/webtoon/570506/thumbnail/title_thumbnail_20130710192300_t83x90.jpg
729964,thu,만물의 영장,https://shared-comic.pstatic.net/thumb/webtoon/729964/thumbnail/thumbnail_IMAG10_0e27a50e-fca4-423e-97e3-6dae0a5d29b9.jpg
753307,thu,우리는 요정!,https://shared-comic.pstatic.net/thumb/webtoon/753307/thumbnail/thumbnail_IMAG10_f397f90d-7828-4c85-941f-5635d51adf01.jpg
726842,thu,무모협지,https://shared-comic.pstatic.net/thumb/webtoon/726842/thumbnail/thumbnail_IMAG10_9a600596-d77d-4ee3-92bf-e0f06f5221cc.jpg
737032,thu,셧업앤댄스,https://shared-comic.pstatic.net/thumb/webtoon/737032/thumbnail/thumbnail_IMAG10_05ac59d5-7288-4fa5-b931-4cff4f93c35e.jpg
740487,thu,신비,https://shared-comic.pstatic.net/thumb/webtoon/740487/thumbnail/thumbnail_IMAG10_14feb943-cfeb-40db-b6e2-b39180340204.jpg
733638,thu,열등의 조건,https://shared-comic.pstatic.net/thumb/webtoon/733638/thumbnail/thumbnail_IMAG10_67290a2d-62c0-4e47-8170-5d8714281300.jpg
731930,thu,안개무덤,https://shared-comic.pstatic.net/thumb/webtoon/731930/thumbnail/thumbnail_IMAG10_52f6ef62-3219-4513-8746-714a97b816e8.jpg
743270,thu,집사레인저,https://shared-comic.pstatic.net/thumb/webtoon/743270/thumbnail/thumbnail_IMAG10_dd5f95ab-7a6e-4137-8b5d-08003870a308.jpg
730389,thu,어쩔꼰대,https://shared-comic.pstatic.net/thumb/webtoon/730389/thumbnail/thumbnail_IMAG10_5fd9dd09-2118-45d1-924c-2053977543cd.jpg
733033,thu,로그아웃,https://shared-comic.pstatic.net/thumb/webtoon/733033/thumbnail/thumbnail_IMAG10_d7d0a0fb-b5e8-447c-82d5-bb4c0d73e843.jpg
742351,thu,소녀180,https://shared-comic.pstatic.net/thumb/webtoon/742351/thumbnail/thumbnail_IMAG10_3fdceb38-bcc8-419e-b4de-1cc70eb2be71.jpg
721459,thu,날 가져요,https://shared-comic.pstatic.net/thumb/webtoon/721459/thumbnail/thumbnail_IMAG10_4912f430-a8b6-4685-9f0f-1586d392b469.jpg
726091,thu,오일머니,https://shared-comic.pstatic.net/thumb/webtoon/726091/thumbnail/thumbnail_IMAG10_56a5bcbd-eb11-481d-b0f0-a7a421e430ea.jpg
738173,thu,셈하는 사이,https://shared-comic.pstatic.net/thumb/webtoon/738173/thumbnail/thumbnail_IMAG10_08b0310b-b45b-45ef-80b4-34ae9c4e7e7a.jpg
733076,thu,겟라이프,https://shared-comic.pstatic.net/thumb/webtoon/733076/thumbnail/thumbnail_IMAG10_9c070ef4-e569-4a14-b1cf-7ce368c07016.jpg
670145,thu,킬더킹,https://shared-comic.pstatic.net/thumb/webtoon/670145/thumbnail/title_thumbnail_20160105121235_t83x90.jpg
748831,thu,별을 삼킨 너에게,https://shared-comic.pstatic.net/thumb/webtoon/748831/thumbnail/thumbnail_IMAG10_bd3cd379-8b4d-4ff5-afb3-475af684742c.jpg
724482,thu,미드나잇 체이서,https://shared-comic.pstatic.net/thumb/webtoon/724482/thumbnail/thumbnail_IMAG10_e1258997-aba5-4d93-b766-a7e4d99f9bc1.jpg
739439,thu,손아귀,https://shared-comic.pstatic.net/thumb/webtoon/739439/thumbnail/thumbnail_IMAG10_db0e685c-d779-468e-8a07-eae45561822f.jpg
736928,thu,스테어스,https://shared-comic.pstatic.net/thumb/webtoon/736928/thumbnail/thumbnail_IMAG10_476e0ea8-5dfe-4927-86e0-cd46a0740d07.jpg
745472,thu,온새미로,https://shared-comic.pstatic.net/thumb/webtoon/745472/thumbnail/thumbnail_IMAG10_bfdeefe4-0c13-40bf-8546-f6a017897291.jpg
715935,thu,롤랑롤랑,https://shared-comic.pstatic.net/thumb/webtoon/715935/thumbnail/thumbnail_IMAG10_91b8ca2c-f957-419b-9d94-f95b8d93115e.jpg
738843,thu,불릿 6미리,https://shared-comic.pstatic.net/thumb/webtoon/738843/thumbnail/thumbnail_IMAG10_efceef81-4fbd-4144-9fc3-ccfb9707be01.jpg
733077,thu,깁스맨,https://shared-comic.pstatic.net/thumb/webtoon/733077/thumbnail/thumbnail_IMAG10_aa30d7f1-b265-4361-807f-bcb867a909bd.jpg
736274,thu,밤하늘에 구름운,https://shared-comic.pstatic.net/thumb/webtoon/736274/thumbnail/thumbnail_IMAG10_ae972149-0b38-4b19-b5e7-d369e6a4a257.jpg
742048,thu,갑자기 커피,https://shared-comic.pstatic.net/thumb/webtoon/742048/thumbnail/thumbnail_IMAG10_8124960c-6033-461a-8b0c-a2996b13d976.jpg
641253,fri,외모지상주의,https://shared-comic.pstatic.net/thumb/webtoon/641253/thumbnail/title_thumbnail_20141120112141_t83x90.jpg
318995,fri,갓 오브 하이스쿨,https://shared-comic.pstatic.net/thumb/webtoon/318995/thumbnail/title_thumbnail_20110407182655_t83x90.jpg
752803,fri,관계의 종말,https://shared-comic.pstatic.net/thumb/webtoon/752803/thumbnail/thumbnail_IMAG10_4af72cf0-4497-471a-a68e-8b2053a23df7.jpg
751013,fri,2020 최애캐의 MBTI,https://shared-comic.pstatic.net/thumb/webtoon/751013/thumbnail/thumbnail_IMAG10_088fbe2f-79d5-4d62-b333-45ac4bfffc3c.jpg
753478,fri,데드퀸,https://shared-comic.pstatic.net/thumb/webtoon/753478/thumbnail/thumbnail_IMAG10_cc45f936-25b1-4656-bdcb-6aa9d83719da.jpg
735661,fri,재혼 황후,https://shared-comic.pstatic.net/thumb/webtoon/735661/thumbnail/thumbnail_IMAG10_95dbdf89-c88d-40dd-b87c-7ff5b5094646.jpg
712362,fri,개를 낳았다,https://shared-comic.pstatic.net/thumb/webtoon/712362/thumbnail/thumbnail_IMAG10_9f6d72bc-7d94-4072-89de-26806164c7b3.jpg
725586,fri,1초,https://shared-comic.pstatic.net/thumb/webtoon/725586/thumbnail/thumbnail_IMAG10_909e55be-2b16-4097-994d-8cf139d01124.jpg
751208,fri,뫼신 사냥꾼,https://shared-comic.pstatic.net/thumb/webtoon/751208/thumbnail/thumbnail_IMAG10_1f8a6f44-0301-45df-8f0a-5c8fe68fe013.jpg
726095,fri,살人스타그램,https://shared-comic.pstatic.net/thumb/webtoon/726095/thumbnail/thumbnail_IMAG10_dc0e2732-a4a9-4d99-81cc-be83afa6e3c6.jpg
711422,fri,삼국지톡,https://shared-comic.pstatic.net/thumb/webtoon/711422/thumbnail/thumbnail_IMAG10_4873773c-d8f0-430e-85d2-995f395b571f.jpg
710754,fri,화장 지워주는 남자,https://shared-comic.pstatic.net/thumb/webtoon/710754/thumbnail/thumbnail_IMAG10_d8e56fd3-303a-47f8-bdb0-8557ddceb5ba.jpg
552960,fri,더 게이머,https://shared-comic.pstatic.net/thumb/webtoon/552960/thumbnail/title_thumbnail_20130905153649_t83x90.jpg
746534,fri,낙향문사전,https://shared-comic.pstatic.net/thumb/webtoon/746534/thumbnail/thumbnail_IMAG10_34efd726-81da-4e99-82d5-6e47066aa1b2.jpg
700844,fri,걸어서 30분,https://shared-comic.pstatic.net/thumb/webtoon/700844/thumbnail/thumbnail_IMAG10_670698b4-24a2-46e1-b5ec-9c7f41881a8e.jpg
729044,fri,난약,https://shared-comic.pstatic.net/thumb/webtoon/729044/thumbnail/thumbnail_IMAG10_fb77f3f4-e75a-4146-884a-578869107d27.jpg
748534,fri,구남친이 내게 반했다,https://shared-comic.pstatic.net/thumb/webtoon/748534/thumbnail/thumbnail_IMAG10_e7a3cb27-a9e6-4482-ba6f-3500ce73c091.jpg
708452,fri,냐한남자,https://shared-comic.pstatic.net/thumb/webtoon/708452/thumbnail/thumbnail_IMAG10_b74bdb0c-5a22-4989-8438-1408db6802dd.jpg
752402,fri,성경의 역사,https://shared-comic.pstatic.net/thumb/webtoon/752402/thumbnail/thumbnail_IMAG10_750bf9b0-c835-4152-914d-cde161b98acf.jpg
734040,fri,현혹,https://shared-comic.pstatic.net/thumb/webtoon/734040/thumbnail/thumbnail_IMAG10_84ddf1e6-9d54-41f6-8dae-53c6c3ea534d.jpg
727784,fri,사냥개들,https://shared-comic.pstatic.net/thumb/webtoon/727784/thumbnail/thumbnail_IMAG10_756413bd-f50e-486d-b4d2-43e8675234fb.jpg
745876,fri,플레이어,https://shared-comic.pstatic.net/thumb/webtoon/745876/thumbnail/thumbnail_IMAG10_8fef7dc3-8a78-4cf9-9e44-4ef6c875875e.jpg
751999,fri,백년게임,https://shared-comic.pstatic.net/thumb/webtoon/751999/thumbnail/thumbnail_IMAG10_6493e45d-5024-4b2e-836b-9fd5117b2635.jpg
735243,fri,복학생 정순이,https://shared-comic.pstatic.net/thumb/webtoon/735243/thumbnail/thumbnail_IMAG10_4a933ebd-2895-4c8c-bea9-f57f728c0fd1.jpg
749633,fri,피와 나비,https://shared-comic.pstatic.net/thumb/webtoon/749633/thumbnail/thumbnail_IMAG10_f634f59e-1714-45cd-a7f6-17853daf80b7.jpg
718019,fri,옆집친구,https://shared-comic.pstatic.net/thumb/webtoon/718019/thumbnail/thumbnail_IMAG10_dd283c57-0f9e-44b3-916a-d1d68a282398.jpg
729571,fri,소심한 팔레트,https://shared-comic.pstatic.net/thumb/webtoon/729571/thumbnail/thumbnail_IMAG10_6eeb669f-0b24-4692-95a0-f074e0b00bdd.jpg
729767,fri,고래별,https://shared-comic.pstatic.net/thumb/webtoon/729767/thumbnail/thumbnail_IMAG10_e9afa12f-a8a7-456e-a9e3-cf4c3ac09a4c.jpg
751168,fri,상남자,https://shared-comic.pstatic.net/thumb/webtoon/751168/thumbnail/thumbnail_IMAG10_05234185-ffa0-4e93-9619-acaa6b75da83.jpg
729938,fri,금혼령-조선혼인금지령,https://shared-comic.pstatic.net/thumb/webtoon/729938/thumbnail/thumbnail_IMAG10_c53d777e-2ef6-48a5-8e73-1afab8d144e8.jpg
729963,fri,가슴털 로망스,https://shared-comic.pstatic.net/thumb/webtoon/729963/thumbnail/thumbnail_IMAG10_43c309d8-19f8-4ad6-8ad4-707208fbaeb0.jpg
740377,fri,신상 미스터리 극장,https://shared-comic.pstatic.net/thumb/webtoon/740377/thumbnail/thumbnail_IMAG10_73d4b263-f53a-4c17-9fb5-80e5609ad514.jpg
745653,fri,얌전한 사이,https://shared-comic.pstatic.net/thumb/webtoon/745653/thumbnail/thumbnail_IMAG10_c474b09f-3ad0-4aee-941e-ca77bdd2a189.jpg
655749,fri,닥터 프로스트 시즌 3~4,https://shared-comic.pstatic.net/thumb/webtoon/655749/thumbnail/thumbnail_IMAG10_706e422b-6fd5-4a77-a501-cbc1da21bf09.jpg
737839,fri,도롱이,https://shared-comic.pstatic.net/thumb/webtoon/737839/thumbnail/thumbnail_IMAG10_ce8ad782-f003-4bb6-bcd7-fda138e3ff97.jpg
753806,fri,매지컬 메디컬,https://shared-comic.pstatic.net/thumb/webtoon/753806/thumbnail/thumbnail_IMAG10_45c0edb8-5746-44c9-9034-713b94f0d9f9.jpg
732036,fri,후덜덜덜 남극전자,https://shared-comic.pstatic.net/thumb/webtoon/732036/thumbnail/thumbnail_IMAG10_8b515b33-a333-4be4-9d82-fd23d4337378.jpg
741467,fri,너의 미소가 함정,https://shared-comic.pstatic.net/thumb/webtoon/741467/thumbnail/thumbnail_IMAG10_0376b901-2e9d-4fba-8260-666fb44d70d0.jpg
730466,fri,구독금지,https://shared-comic.pstatic.net/thumb/webtoon/730466/thumbnail/thumbnail_IMAG10_9a910bcc-598d-41a6-bba0-739db6ecc322.jpg
726211,fri,사우러스,https://shared-comic.pstatic.net/thumb/webtoon/726211/thumbnail/thumbnail_IMAG10_58e89e49-152a-4d08-9ec8-ad571d0c16ea.jpg
724431,fri,버그,https://shared-comic.pstatic.net/thumb/webtoon/724431/thumbnail/thumbnail_IMAG10_a270bf74-d7b4-40cd-ad7a-8e7a6bf3687a.jpg
524520,fri,트럼프,https://shared-comic.pstatic.net/thumb/webtoon/524520/thumbnail/thumbnail_IMAG10_2d94230a-1466-4eae-a829-3d177e8fb7e8.jpg
740386,fri,개미,https://shared-comic.pstatic.net/thumb/webtoon/740386/thumbnail/thumbnail_IMAG10_179009ac-0f93-4ac4-9026-9a93adae31b7.jpg
737831,fri,9등급 뒤집기,https://shared-comic.pstatic.net/thumb/webtoon/737831/thumbnail/thumbnail_IMAG10_fb2e2899-8de5-4aec-bd90-94e786635592.jpg
644112,fri,몽홀,https://shared-comic.pstatic.net/thumb/webtoon/644112/thumbnail/title_thumbnail_20150105174647_t83x90.jpg
733395,fri,꼬맹이를 부탁해!,https://shared-comic.pstatic.net/thumb/webtoon/733395/thumbnail/thumbnail_IMAG10_d41d5a72-361d-4382-bb6b-155a71a44084.jpg
742352,fri,헬로도사,https://shared-comic.pstatic.net/thumb/webtoon/742352/thumbnail/thumbnail_IMAG10_df23e5a4-9f45-4819-8844-fcf6327ca435.jpg
743423,fri,스윗솔티,https://shared-comic.pstatic.net/thumb/webtoon/743423/thumbnail/thumbnail_IMAG10_f01ffda1-e48c-48c7-a505-a01c0423f7d7.jpg
738177,fri,감히,https://shared-comic.pstatic.net/thumb/webtoon/738177/thumbnail/thumbnail_IMAG10_5f2d1804-1ee0-42ab-ae3d-b856a49a1b89.jpg
739350,fri,나쁜 쪽으로,https://shared-comic.pstatic.net/thumb/webtoon/739350/thumbnail/thumbnail_IMAG10_cc92f13a-56b6-415e-a5d3-37c34bad2bdd.jpg
729036,fri,합법해적 파르페,https://shared-comic.pstatic.net/thumb/webtoon/729036/thumbnail/thumbnail_IMAG10_7301b5fd-bd90-489c-9663-8f2ce8c71430.jpg
685460,fri,골든 체인지,https://shared-comic.pstatic.net/thumb/webtoon/685460/thumbnail/thumbnail_IMAG10_6f112c67-b37e-47af-b14d-c25d5d45de4b.jpg
746835,fri,구주의 시간,https://shared-comic.pstatic.net/thumb/webtoon/746835/thumbnail/thumbnail_IMAG10_234b0d57-e296-4152-ad9e-71969202dd71.jpg
742349,fri,나의 첫번째 새벽,https://shared-comic.pstatic.net/thumb/webtoon/742349/thumbnail/thumbnail_IMAG10_a0ec8aa4-198a-4f55-a6bb-be2638daedcd.jpg
651673,sat,유미의 세포들,https://shared-comic.pstatic.net/thumb/webtoon/651673/thumbnail/thumbnail_IMAG10_659b9446-0940-494a-bb5f-5893290a84d0.jpg
597447,sat,프리드로우,https://shared-comic.pstatic.net/thumb/webtoon/597447/thumbnail/title_thumbnail_20131102162055_t83x90.jpg
650305,sat,호랑이형님,https://shared-comic.pstatic.net/thumb/webtoon/650305/thumbnail/title_thumbnail_20161209212128_t83x90.jpg
728015,sat,모죠의 일지,https://shared-comic.pstatic.net/thumb/webtoon/728015/thumbnail/thumbnail_IMAG10_f31cda1b-72fa-409e-b1ab-9c4a4e212696.jpg
727188,sat,취사병 전설이 되다,https://shared-comic.pstatic.net/thumb/webtoon/727188/thumbnail/thumbnail_IMAG10_f01cc201-02c6-4a40-8c1a-e3db0c256876.jpg
703843,sat,비질란테,https://shared-comic.pstatic.net/thumb/webtoon/703843/thumbnail/thumbnail_IMAG10_185408fd-9fad-4094-aa29-e849e876b446.jpg
737018,sat,회춘,https://shared-comic.pstatic.net/thumb/webtoon/737018/thumbnail/thumbnail_IMAG10_8bd8d436-4bb7-4924-b438-cd567766b267.jpg
721948,sat,스터디그룹,https://shared-comic.pstatic.net/thumb/webtoon/721948/thumbnail/thumbnail_IMAG10_72bdf971-8699-4e5e-aea9-e22569ad9437.jpg
730694,sat,초인의 시대,https://shared-comic.pstatic.net/thumb/webtoon/730694/thumbnail/thumbnail_IMAG10_4e184255-f889-4214-af62-5680530b4dbe.jpg
742826,sat,토끼대왕,https://shared-comic.pstatic.net/thumb/webtoon/742826/thumbnail/thumbnail_IMAG10_0e4dc2ea-de51-4100-9047-ab4390a30b9c.jpg
737377,sat,민간인 통제구역,https://shared-comic.pstatic.net/thumb/webtoon/737377/thumbnail/thumbnail_IMAG10_90d34f91-7e36-4b20-b1d5-591024fffcd9.jpg
752340,sat,남자주인공의 여자사람친구입니다,https://shared-comic.pstatic.net/thumb/webtoon/752340/thumbnail/thumbnail_IMAG10_0783a139-0d3f-4e21-a321-b2a4cb224492.jpg
753509,sat,광장,https://shared-comic.pstatic.net/thumb/webtoon/753509/thumbnail/thumbnail_IMAG10_ff7c28fa-14c5-4652-b3d7-653169e9b9fb.jpg
616239,sat,윌유메리미,https://shared-comic.pstatic.net/thumb/webtoon/616239/thumbnail/title_thumbnail_20161031214436_t83x90.jpg
64997,sat,나이트런,https://shared-comic.pstatic.net/thumb/webtoon/64997/thumbnail/title_thumbnail_20110515001535_t83x90.jpg
733280,sat,나를 바꿔줘,https://shared-comic.pstatic.net/thumb/webtoon/733280/thumbnail/thumbnail_IMAG10_f0cdede0-3a63-4d35-a2af-cbc3f2fdc7d6.jpg
715159,sat,갓핑크,https://shared-comic.pstatic.net/thumb/webtoon/715159/thumbnail/thumbnail_IMAG10_320c4a09-d0d3-43b1-be41-f713846ee0f9.jpg
739292,sat,두번째 생일,https://shared-comic.pstatic.net/thumb/webtoon/739292/thumbnail/thumbnail_IMAG10_d07c8396-80ec-4f39-903a-8b42b8ca2ce4.jpg
724815,sat,아홉수 우리들,https://shared-comic.pstatic.net/thumb/webtoon/724815/thumbnail/thumbnail_IMAG10_66484126-6730-4eae-acc4-5ca2d91a0851.jpg
732021,sat,탑코너,https://shared-comic.pstatic.net/thumb/webtoon/732021/thumbnail/thumbnail_IMAG10_4a82584b-2ae5-41f9-bfe2-b4be4083f289.jpg
750582,sat,광해의 연인,https://shared-comic.pstatic.net/thumb/webtoon/750582/thumbnail/thumbnail_IMAG10_8ddaafa0-c129-47de-b064-54da7abef9f7.jpg
753304,sat,아침을 지나 밤으로,https://shared-comic.pstatic.net/thumb/webtoon/753304/thumbnail/thumbnail_IMAG10_c44ead03-6930-4587-ba4e-d05b91271c1b.jpg
746285,sat,동트는 로맨스,https://shared-comic.pstatic.net/thumb/webtoon/746285/thumbnail/thumbnail_IMAG10_d91b371e-46f7-4b5a-b877-4dd49cf43aea.jpg
724274,sat,먹이,https://shared-comic.pstatic.net/thumb/webtoon/724274/thumbnail/thumbnail_IMAG10_776ed1a2-a7f2-4386-87df-399c2159aaf1.jpg
729047,sat,공유몽,https://shared-comic.pstatic.net/thumb/webtoon/729047/thumbnail/thumbnail_IMAG10_065cd96a-7858-4aaa-b7a4-77a143e4ae52.jpg
725552,sat,열불 로맨스,https://shared-comic.pstatic.net/thumb/webtoon/725552/thumbnail/thumbnail_IMAG10_5c06c47b-3d1a-4bba-864f-febc6e0aa3cf.jpg
703839,sat,홍시는 날 좋아해!,https://shared-comic.pstatic.net/thumb/webtoon/703839/thumbnail/thumbnail_IMAG10_701e4038-8bc6-4d4b-accc-230865d1ca25.jpg
753973,sat,후아유!,https://shared-comic.pstatic.net/thumb/webtoon/753973/thumbnail/thumbnail_IMAG10_c010a421-8939-4acb-a9b5-318823b73114.jpg
729563,sat,압락사스,https://shared-comic.pstatic.net/thumb/webtoon/729563/thumbnail/thumbnail_IMAG10_122f13c3-8f09-4dc5-a050-ea620fe1790b.jpg
746834,sat,청춘 블라썸,https://shared-comic.pstatic.net/thumb/webtoon/746834/thumbnail/thumbnail_IMAG10_4ccbcfcf-ec9d-4697-9177-4a13cf768389.jpg
739127,sat,피라미드 게임,https://shared-comic.pstatic.net/thumb/webtoon/739127/thumbnail/thumbnail_IMAG10_184033c9-2452-4428-b2a6-741f3e54a98c.jpg
726467,sat,틴맘,https://shared-comic.pstatic.net/thumb/webtoon/726467/thumbnail/thumbnail_IMAG10_aeda98d3-f28d-4b9a-b9db-9ea210b0e200.jpg
749456,sat,웰캄투실버라이프,https://shared-comic.pstatic.net/thumb/webtoon/749456/thumbnail/thumbnail_IMAG10_daad9f61-f0d2-4043-aad0-0161a8003745.jpg
746833,sat,"저무는 해, 시린 눈",https://shared-comic.pstatic.net/thumb/webtoon/746833/thumbnail/thumbnail_IMAG10_91acd6ab-2d8c-4e49-8538-5c7e431bd4a7.jpg
745235,sat,피노키오 소녀,https://shared-comic.pstatic.net/thumb/webtoon/745235/thumbnail/thumbnail_IMAG10_0afd8c7a-5b0a-4823-974a-8ffc65fca898.jpg
749054,sat,동네몬스터,https://shared-comic.pstatic.net/thumb/webtoon/749054/thumbnail/thumbnail_IMAG10_e1114f99-0365-4470-9d99-43312da51b7c.jpg
739411,sat,왕세자 입학도,https://shared-comic.pstatic.net/thumb/webtoon/739411/thumbnail/thumbnail_IMAG10_dd1c3b6b-10c2-4778-b089-65903279effb.jpg
679543,sat,아테나 컴플렉스,https://shared-comic.pstatic.net/thumb/webtoon/679543/thumbnail/thumbnail_IMAG10_daedb148-4546-44ea-b4ad-f5ea8c82712e.jpg
751492,sat,커피도둑,https://shared-comic.pstatic.net/thumb/webtoon/751492/thumbnail/thumbnail_IMAG10_9a2a6f0c-94db-4949-bfca-c0a9a7d2e848.jpg
706770,sat,언데드,https://shared-comic.pstatic.net/thumb/webtoon/706770/thumbnail/thumbnail_IMAG10_da85ffe8-adbd-4d4f-9a23-19933e5b5cce.jpg
748532,sat,"안녕, 이바다씨",https://shared-comic.pstatic.net/thumb/webtoon/748532/thumbnail/thumbnail_IMAG10_d419b844-ecd6-4099-bde1-efdc7ed28720.jpg
739112,sat,거미,https://shared-comic.pstatic.net/thumb/webtoon/739112/thumbnail/thumbnail_IMAG10_7658b986-0328-49bc-b97f-4708ab4476c1.jpg
741894,sat,꼬리 있는 연애,https://shared-comic.pstatic.net/thumb/webtoon/741894/thumbnail/thumbnail_IMAG10_ff177669-e0d4-43c8-a681-d0254e4a685b.jpg
733277,sat,도사 가온,https://shared-comic.pstatic.net/thumb/webtoon/733277/thumbnail/thumbnail_IMAG10_5c8212d4-0ab0-4d6c-9eab-4ba7160611ef.jpg
742888,sat,누군가의 로섬,https://shared-comic.pstatic.net/thumb/webtoon/742888/thumbnail/thumbnail_IMAG10_95e5f605-f4b7-4216-a2e3-1e2fedbeebcb.jpg
742782,sat,함부로 대해줘,https://shared-comic.pstatic.net/thumb/webtoon/742782/thumbnail/thumbnail_IMAG10_ecd43041-f543-4da3-96e7-42bb02ed9210.jpg
735078,sat,먹지마세요,https://shared-comic.pstatic.net/thumb/webtoon/735078/thumbnail/thumbnail_IMAG10_702e5870-f81e-412e-91f9-c1436832da1e.jpg
748105,sun,독립일기,https://shared-comic.pstatic.net/thumb/webtoon/748105/thumbnail/thumbnail_IMAG10_becd3e24-cc09-4243-a1c9-646270f4a8db.jpg
736277,sun,싸움독학,https://shared-comic.pstatic.net/thumb/webtoon/736277/thumbnail/thumbnail_IMAG10_3ff8475e-6085-4188-a359-920a8801b419.jpg
751013,sun,2020 최애캐의 MBTI,https://shared-comic.pstatic.net/thumb/webtoon/751013/thumbnail/thumbnail_IMAG10_088fbe2f-79d5-4d62-b333-45ac4bfffc3c.jpg
745237,sun,운수 오진 날,https://shared-comic.pstatic.net/thumb/webtoon/745237/thumbnail/thumbnail_IMAG10_4502e121-2acf-4cf9-a6c0-5a4f5bed39fe.jpg
710751,sun,약한영웅,https://shared-comic.pstatic.net/thumb/webtoon/710751/thumbnail/thumbnail_IMAG10_eed99ea4-5908-4445-b89a-d3881797f909.jpg
670152,sun,열렙전사,https://shared-comic.pstatic.net/thumb/webtoon/670152/thumbnail/title_thumbnail_20160122210643_t83x90.jpg
750558,sun,로어 올림푸스,https://shared-comic.pstatic.net/thumb/webtoon/750558/thumbnail/thumbnail_IMAG10_b958aaec-eff0-4cd7-b11b-3ad6237408e7.jpg
729326,sun,맘마미안,https://shared-comic.pstatic.net/thumb/webtoon/729326/thumbnail/thumbnail_IMAG10_ce9a3264-eabc-4f64-bf47-a620ed4f8899.jpg
746858,sun,이번 생도 잘 부탁해,https://shared-comic.pstatic.net/thumb/webtoon/746858/thumbnail/thumbnail_IMAG10_4568450b-830e-42a2-b088-53a0666fa4fb.jpg
743838,sun,소녀재판,https://shared-comic.pstatic.net/thumb/webtoon/743838/thumbnail/thumbnail_IMAG10_2fa5176a-3cb8-4b64-bbcd-c6b5002ef471.jpg
744384,sun,경비 배두만,https://shared-comic.pstatic.net/thumb/webtoon/744384/thumbnail/thumbnail_IMAG10_cc5d5c43-8b7b-4250-ad01-fe845f36a021.jpg
751207,sun,천하제일인,https://shared-comic.pstatic.net/thumb/webtoon/751207/thumbnail/thumbnail_IMAG10_be8bb974-c5a1-414b-93e5-a7895c2b9059.jpg
690503,sun,도망자,https://shared-comic.pstatic.net/thumb/webtoon/690503/thumbnail/title_thumbnail_20170106153614_t83x90.jpg
721463,sun,극야,https://shared-comic.pstatic.net/thumb/webtoon/721463/thumbnail/thumbnail_IMAG10_7e952d76-abd9-4fa3-b47a-6d7ff5b3fcc0.jpg
732955,sun,닥터앤닥터 육아일기,https://shared-comic.pstatic.net/thumb/webtoon/732955/thumbnail/thumbnail_IMAG10_404a37ed-7552-41bb-8138-3ea97cc7bb03.jpg
730657,sun,오로지 너를 이기고 싶어,https://shared-comic.pstatic.net/thumb/webtoon/730657/thumbnail/thumbnail_IMAG10_047869b4-1ce3-47eb-a3c1-eef3cd8a6d5f.jpg
733047,sun,행성인간,https://shared-comic.pstatic.net/thumb/webtoon/733047/thumbnail/thumbnail_IMAG10_eea47446-e3b9-4cce-b291-222f0699e77a.jpg
728128,sun,합격시켜주세용,https://shared-comic.pstatic.net/thumb/webtoon/728128/thumbnail/thumbnail_IMAG10_6349dc0e-4eae-4d78-b5ee-a302dc717677.jpg
655746,sun,마법스크롤 상인 지오,https://shared-comic.pstatic.net/thumb/webtoon/655746/thumbnail/thumbnail_IMAG10_261e36e7-8e8f-4640-bcf8-31232c5279b4.jpg
752462,sun,데이즈,https://shared-comic.pstatic.net/thumb/webtoon/752462/thumbnail/thumbnail_IMAG10_491373a1-e80e-4ecc-bb3a-10a1fe1d1ebb.jpg
727476,sun,구름이 피워낸 꽃,https://shared-comic.pstatic.net/thumb/webtoon/727476/thumbnail/thumbnail_IMAG10_17eee706-afed-4ce2-bc35-55b21b2caacc.jpg
728900,sun,인어를 위한 수영교실,https://shared-comic.pstatic.net/thumb/webtoon/728900/thumbnail/thumbnail_IMAG10_8249d200-4cb2-4a0d-92b7-a605cb311813.jpg
695796,sun,내일,https://shared-comic.pstatic.net/thumb/webtoon/695796/thumbnail/thumbnail_IMAG10_715d2406-1940-48ad-9ca5-fb84693769b6.jpg
751992,sun,오른눈이 보는 세계,https://shared-comic.pstatic.net/thumb/webtoon/751992/thumbnail/thumbnail_IMAG10_cfcceaa8-2ded-4475-b96e-3a109691ec0c.jpg
753842,sun,데빌샷,https://shared-comic.pstatic.net/thumb/webtoon/753842/thumbnail/thumbnail_IMAG10_e3670e7b-6bde-42d5-99f6-d971b30c6e3f.jpg
750523,sun,에리타,https://shared-comic.pstatic.net/thumb/webtoon/750523/thumbnail/thumbnail_IMAG10_2a4875cf-ae39-4975-be12-7bd34f26e12f.jpg
739097,sun,학교정벌,https://shared-comic.pstatic.net/thumb/webtoon/739097/thumbnail/thumbnail_IMAG10_11ac440f-add3-4120-a2e3-6bcf266f6074.jpg
733728,sun,강남도깨비,https://shared-comic.pstatic.net/thumb/webtoon/733728/thumbnail/thumbnail_IMAG10_7a59a85d-9d48-4564-8c78-4c96a0be92d9.jpg
557676,sun,다이스(DICE),https://shared-comic.pstatic.net/thumb/webtoon/557676/thumbnail/thumbnail_IMAG10_e44c2148-c07b-4ccb-b53a-1fee1c6e2122.jpg
703844,sun,가비지타임,https://shared-comic.pstatic.net/thumb/webtoon/703844/thumbnail/thumbnail_IMAG10_e7d763b8-e523-47ab-a7fd-ce5592c11279.jpg
737628,sun,별이삼샵,https://shared-comic.pstatic.net/thumb/webtoon/737628/thumbnail/thumbnail_IMAG10_6ba2f3e8-79c3-4935-b1f6-2dfdef058520.jpg
736641,sun,라일락 200%,https://shared-comic.pstatic.net/thumb/webtoon/736641/thumbnail/thumbnail_IMAG10_61ce8d7b-3788-4e28-a3b3-aad7c4067f1c.jpg
741458,sun,아르세니아의 마법사,https://shared-comic.pstatic.net/thumb/webtoon/741458/thumbnail/thumbnail_IMAG10_4f4d207d-6c08-4393-8f44-e7e9c1d02618.jpg
626906,sun,패밀리 사이즈,https://shared-comic.pstatic.net/thumb/webtoon/626906/thumbnail/title_thumbnail_20150810235651_t83x90.jpg
730607,sun,평행도시,https://shared-comic.pstatic.net/thumb/webtoon/730607/thumbnail/thumbnail_IMAG10_e6c0b503-be45-4114-9df1-d04f7eecf834.jpg
740387,sun,잉여특공대,https://shared-comic.pstatic.net/thumb/webtoon/740387/thumbnail/thumbnail_IMAG10_ba41faf0-0bb2-4330-bd38-120c1d29f373.jpg
728751,sun,괴물신부,https://shared-comic.pstatic.net/thumb/webtoon/728751/thumbnail/thumbnail_IMAG10_ce7def2c-adfe-43b8-b645-8175d929a0a8.jpg
697535,sun,웅이는 배고파,https://shared-comic.pstatic.net/thumb/webtoon/697535/thumbnail/thumbnail_IMAG10_18d07ed4-3a67-4e36-8406-c7d78f7aa163.jpg
732224,sun,인싸라이프,https://shared-comic.pstatic.net/thumb/webtoon/732224/thumbnail/thumbnail_IMAG10_798f77b5-4014-428b-be49-5db1894dc0ee.jpg
745652,sun,신이 담긴 아이,https://shared-comic.pstatic.net/thumb/webtoon/745652/thumbnail/thumbnail_IMAG10_f12e85e6-c697-470d-90db-9b5a0e924620.jpg
726454,sun,무주의 맹시,https://shared-comic.pstatic.net/thumb/webtoon/726454/thumbnail/thumbnail_IMAG10_1a5e1d38-7a96-4b1e-9c78-bb1da5c8f9ec.jpg
745409,sun,소녀 해미,https://shared-comic.pstatic.net/thumb/webtoon/745409/thumbnail/thumbnail_IMAG10_a8bc2706-f8e9-4bcd-99c6-303ae5fd1db7.jpg
734012,sun,그녀의 버킷리스트,https://shared-comic.pstatic.net/thumb/webtoon/734012/thumbnail/thumbnail_IMAG10_ca9cfed5-172a-4c42-a382-9a1166d108d2.jpg
733768,sun,오늘도 사랑하세요,https://shared-comic.pstatic.net/thumb/webtoon/733768/thumbnail/thumbnail_IMAG10_5785c9e2-a6f4-46df-a726-8bbbfae17dab.jpg
747370,sun,여름은 뜨겁다,https://shared-comic.pstatic.net/thumb/webtoon/747370/thumbnail/thumbnail_IMAG10_218a7243-7e2e-43a1-ba88-27358fac6adb.jpg
721109,sun,Here U Are,https://shared-comic.pstatic.net/thumb/webtoon/721109/thumbnail/thumbnail_IMAG10_844cec4a-9b1b-4e38-9c0c-d1ab94059edc.jpg
744313,sun,죽여주는 탐정님,https://shared-comic.pstatic.net/thumb/webtoon/744313/thumbnail/thumbnail_IMAG10_8d2af48d-0f5c-4353-8b09-ffa7fbb57b38.jpg
729883,sun,위험한 신입사원,https://shared-comic.pstatic.net/thumb/webtoon/729883/thumbnail/thumbnail_IMAG10_b0eeb3fc-b1c7-4b06-93ca-86055021647c.jpg
743721,sun,불발소년,https://shared-comic.pstatic.net/thumb/webtoon/743721/thumbnail/thumbnail_IMAG10_1a440839-f0da-4260-a107-8840f6fa4fc9.jpg
703856,sun,8월의 눈보라,https://shared-comic.pstatic.net/thumb/webtoon/703856/thumbnail/thumbnail_IMAG10_58ed0508-0e00-44ae-a9a2-5f972ac755a0.jpg
738547,sun,선녀야 야옹해봐!,https://shared-comic.pstatic.net/thumb/webtoon/738547/thumbnail/thumbnail_IMAG10_877b93b2-26d0-4191-a71f-40d58fff32bb.jpg
737021,sun,마도,https://shared-comic.pstatic.net/thumb/webtoon/737021/thumbnail/thumbnail_IMAG10_6797cbb7-cf7c-451f-a047-8eeb295f82f7.jpg
